index,target,tools_called,applied,error,before_synllama_strict_passed,after_synllama_strict_passed,before_synllama_analog_passed,after_synllama_analog_passed,before_synagent_strict_passed,after_synagent_strict_passed,before_synagent_analog_passed,after_synagent_analog_passed
1,CN1CCc2nc3sc(C(=O)C45CC6CC(CC(C6)C4)C5)c(N)c3cc2C1,validate_route|fix_building_blocks|fix_building_blocks|apply_fixes,True,,False,False,False,False,True,True,True,True
2,O=C(CCNc1ccnc(NCCc2ccccc2)n1)Nc1ccccc1,validate_route|validate_route|fix_building_blocks|fix_building_blocks|apply_fixes,True,,False,False,False,False,True,True,True,True
3,COc1ccc(N=c2oc3cc(O)ccc3cc2C(=O)NC(C)C)cc1,validate_route|fix_building_blocks|fix_step|apply_fixes,True,,False,False,False,False,False,True,False,True
4,COc1cccc(-c2nc3sccn3c2-c2ccnc(NCCN3CCCN(C)S3(=O)=O)n2)c1,validate_route|fix_building_blocks|apply_fixes,True,,False,False,False,False,True,True,True,True
5,CCCN(CCCCCCN1C(=O)c2ccccc2C1=O)CC1CCCCN1CCNC(=O)N1c2ccccc2C(=O)Nc2cccnc21,validate_route|fix_step|apply_fixes,True,,False,False,False,False,False,True,False,True
6,Cc1nn(-c2ccccc2)c(Oc2cccc(C(F)(F)F)c2)c1C=C1SC(=S)N(C(Cc2ccccc2)C(=O)O)C1=O,validate_route|fix_building_blocks|fix_step|apply_fixes,True,,False,False,False,False,False,True,False,True
7,CCN1C(=O)C2C3CN=C(SCc4ccc(C(=O)OC)cc4)N3C(CC)(C(=O)OC)C2C1=O,validate_route|fix_building_blocks|fix_step|apply_fixes,True,,False,True,False,True,False,True,False,True
8,COc1cccc(N2CCN(CC(=O)Nc3nc4c(s3)CC(C)CC4)CC2)c1,validate_route|fix_building_blocks|apply_fixes,True,,False,False,False,False,True,True,True,True
9,CCCCCOC(=O)N1CCN(C(=O)C(CCC(=O)O)NC(=O)c2cc(N3CCC(C(=O)N(C)C)CC3)nc(-c3ccccc3)n2)CC1,validate_route|fix_building_blocks|apply_fixes,True,,False,False,False,False,True,True,True,True
10,Cc1nnsc1C(=O)N1CCCC(Nc2ccc(F)c(F)c2)C1,validate_route|fix_building_blocks|apply_fixes,True,,False,False,False,False,True,True,True,True
11,CCN(CC)c1ccc(C)c2nc(-c3c(OC)cc(COC)cc3OC)c(C)cc12,validate_route|fix_step|apply_fixes,True,,False,False,False,False,False,True,True,True
12,Cc1cc2nc3ccccc3nc2cc1C,validate_route|fix_building_blocks|fix_step|apply_fixes,True,,False,True,False,True,False,True,False,True
13,CCOC1CN(c2cccc(-c3cccc(Cl)c3OCc3cc(C)c4c(c3)CCN(C3CCOCC3)C4)n2)CCC1C(=O)O,validate_route|fix_building_blocks|apply_fixes,True,,False,False,False,False,True,True,True,True
14,C#CCOc1ccc(CCNC(=O)C(COc2ccc(Cl)cc2)OCC#C)cc1OC,validate_route|validate_route|fix_building_blocks|apply_fixes,True,,False,False,False,False,True,True,True,True
15,C=CCN1CC(=O)N2Cc3[nH]c4ccccc4c3CC2C1=O,validate_route|fix_building_blocks|fix_step|fix_template|extract_template_from_reaction|apply_fixes,True,,False,False,False,False,False,False,True,True
16,CC(=NNC(=O)c1ccc(N2CCCC2=O)cc1)c1ccccc1,validate_route|fix_building_blocks|fix_step|apply_fixes,True,,False,False,False,False,False,True,False,True
17,CCCCCn1cc(-c2nc(C34CC5CC(CC(C5)C3)C4)no2)c(=O)c2cc(-c3ccco3)ccc21,validate_route|fix_building_blocks|apply_fixes,True,,False,False,False,False,True,True,True,True
18,O=S(=O)(c1ccc2c(c1)CCCN2)N1CCCC2CCCCC21,validate_route|fix_building_blocks|fix_step|apply_fixes,True,,False,True,False,True,False,True,False,True
19,Cc1ccc(NC(=O)Cn2cnc3c(nnn3C)c2=O)cc1C,validate_route|fix_step|search_step_building_blocks|search_building_blocks_by_template|apply_fixes,True,,False,False,False,False,False,False,False,False
20,Nc1nc(-c2ccccc2)cc2c1nnn2C1OC(COS(=O)(=O)NC(=O)c2ccccc2O)C(O)C1O,validate_route|fix_building_blocks|fix_step|fix_step|apply_fixes,True,,False,False,False,False,False,True,False,True
21,COCCOCCN1C(=O)Cc2cc(OC)ccc2C1COc1ccc(OC)cc1,,,ValueError: ChemicalParserException: Number of reactants provided does not match number of reactant templates.,False,False,True,False,False,False,True,False
22,CN(CCc1ccncc1)CC(O)Cc1ccc2ccccc2c1,validate_route|fix_building_blocks|fix_step|apply_fixes,True,,False,False,False,False,True,True,True,True
23,C#CC(O)C=CCCCCCCCCCC=CCCCCCCCCCC=CC(O)C#C,validate_route|fix_building_blocks|fix_step|fix_template|apply_fixes,True,,False,False,False,False,False,False,False,False
24,O=C(NC(Cc1ccccc1)c1nnn[nH]1)c1ccc2ccccc2c1,validate_route|fix_building_blocks|fix_step|apply_fixes,True,,False,False,False,False,False,False,True,True
25,OC(c1ccc(F)c(F)c1)c1nc(-c2csc3ccccc23)cs1,validate_route|fix_building_blocks|fix_step|apply_fixes,True,,False,False,False,False,False,True,False,True
26,COc1cccc(C(c2nnnn2-c2ccc3c(c2)OCCO3)N2CCC(n3c(O)nc4ccccc43)CC2)c1OC,validate_route|fix_building_blocks|fix_building_blocks|apply_fixes,True,,False,False,False,False,True,True,True,True
27,CC(C)(C)c1ccc(C(=O)Nc2cc(Cl)c(-c3ccccc3)cc2C(=O)O)cc1,validate_route|fix_building_blocks|fix_building_blocks|apply_fixes,True,,False,False,False,False,True,True,True,True
28,COC(=O)c1cc(OC)c(O)c2oc3c(c(=O)c12)C(OC)OC(C)C3,validate_route|fix_step|apply_fixes,True,,False,True,False,True,False,True,False,True
29,CCCSc1nc(NN=C(C)c2ccccc2O)c2nnn(Cc3ccccc3)c2n1,validate_route|fix_building_blocks|fix_step|apply_fixes,True,,False,True,False,True,False,True,False,True
30,CCc1ccc(C(F)(F)F)cc1-c1[nH]c(-c2ccnc(N)n2)cc1C(N)=O,validate_route|fix_building_blocks|fix_step|apply_fixes|fix_building_blocks|fix_step|apply_fixes,True,,False,False,False,False,False,False,False,False
31,COC1C=C2C3CN(Cc4cc5c(cc43)OCO5)C2CC1OC,validate_route|validate_route|fix_building_blocks|fix_step|fix_step|apply_fixes|fix_step|fix_step|fix_template|apply_fixes|fix_step|fix_step|apply_fixes,True,,False,False,False,False,False,False,False,False
32,COc1ccc(N=c2oc3cc(O)ccc3cc2C(=O)NC(C)C)cc1,validate_route|fix_building_blocks|fix_step|apply_fixes|fix_step|apply_fixes,True,,False,False,False,False,False,False,False,False
33,CCN(CC)C(=O)C(=O)NC(C)(C)c1nc(OC)c(OS(C)(=O)=O)c(C(=O)NCc2ccc(F)cc2)n1,validate_route|fix_building_blocks|fix_step|apply_fixes,True,,False,True,False,True,False,True,False,True
34,O=c1cc(-c2ccccc2)oc2ccc(N3COc4c(Br)cc(Br)cc4C3)cc12,validate_route|fix_building_blocks|apply_fixes,True,,False,False,False,False,True,True,True,True
35,CS(=O)(=O)n1cc2c(n1)CN(C1COC(c3cc(F)ccc3F)C(N)C1F)C2,validate_route|fix_building_blocks|apply_fixes,True,,False,False,False,False,True,True,True,True
36,Cc1ccc(Nc2nccc(-c3c(C)[nH]c(C#N)c3C)n2)cc1[N+](=O)[O-],validate_route|fix_building_blocks|fix_building_blocks|fix_building_blocks|apply_fixes,True,,False,False,False,False,True,True,True,True
37,O=C(CCc1ccoc1)NC1CCC2(O)C3Cc4ccc(O)c5c4C2(CCN3CC2CC2)C1O5,validate_route|fix_building_blocks|fix_step|apply_fixes,True,,False,False,False,False,True,True,True,True
38,CCCCCC1CCCCCCCCCC(=O)OC2C(OC(C)C(OC3OC(C)C(OC4OC(C)C(OC(=O)C(C)CC)C(O)C4O)C(OC4OC(C)C(O)C(O)C4O)C3OC(=O)C(C)CC)C2O)OC2C(O1)OC(C)C(O)C2O,,,ValueError: ChemicalParserException: Number of reactants provided does not match number of reactant templates.,False,False,False,False,False,False,False,False
39,CC(C)CC(=O)Nc1cccc(-c2cc(=O)n3nc(C(F)(F)F)c(-c4ccc(Cl)cc4)c3[nH]2)c1,validate_route|fix_building_blocks|fix_step|apply_fixes,True,,False,False,False,False,False,False,False,False
40,CCOC(=O)N1CCN(C(=O)C(C)c2ccc([N+](=O)[O-])cc2)CC1,validate_route|fix_building_blocks|fix_step|apply_fixes,True,,False,False,False,False,True,True,True,True
41,COC(=O)c1ccc(C2CCCCN2)n1C,validate_route|fix_building_blocks|fix_step|apply_fixes|fix_smiles|fix_building_blocks|fix_step|apply_fixes,True,,False,False,False,False,False,False,False,False
42,Cc1ccc2c(c1)N(C(=O)N1CCC(C(=O)NCc3cccc(Br)c3)CC1)CCO2,validate_route|fix_building_blocks|fix_step|apply_fixes,True,,False,False,False,False,False,True,False,True
43,CC(C)(C)OC(=O)N1CCC(N(C(=O)c2ccc(-n3cnc(-c4ccncn4)c3)cc2)C2CC2)CC1,validate_route|fix_building_blocks|fix_step|apply_fixes,True,,False,False,False,False,True,True,True,True
44,Cc1onc(-c2ccccc2)c1COc1ccc(C(=O)Nc2ccccc2)cn1,validate_route|fix_building_blocks|apply_fixes,True,,False,False,False,False,True,True,True,True
45,O=C(Nc1ccnc(NC(=O)C2CNC2)c1)c1c(Cl)cccc1Cl,validate_route|fix_building_blocks|fix_building_blocks|apply_fixes,True,,False,False,False,False,True,True,True,True
46,Cc1ccc(C(=O)ON=C(Cn2cc([N+](=O)[O-])nc2C)c2ccc(Br)cc2)cn1,validate_route|validate_route|fix_building_blocks|fix_step|fix_step|apply_fixes|fix_step|fix_step|apply_fixes,True,,False,False,False,False,False,False,False,False
47,C=CC(=C)CCC1(C)C(C)C(OC(C)=O)C(O)C23C(=CC(OC(=O)CCC)CC12)C(OC(C)=O)OC3OC(C)=O,validate_route|validate_route|fix_building_blocks|fix_step|fix_step|fix_step|apply_fixes|fix_step|apply_fixes,True,,False,False,False,False,False,False,False,False
48,COc1ccccc1COc1ccccc1C=CC=O,validate_route|fix_building_blocks|fix_step|apply_fixes,True,,False,False,False,False,True,True,True,True
49,FC(F)(F)c1ccc2[nH]c(-c3ccc(-c4ccc(CNCc5cnn(-c6ccccc6)n5)cc4)s3)nc2c1,validate_route|fix_building_blocks|fix_step|apply_fixes,True,,False,False,False,False,True,True,True,True
50,Cc1cc(C=C2C(=O)NC(=O)N(c3ccc(Br)cc3)C2=O)c(C)n1C,validate_route|fix_building_blocks|fix_step|apply_fixes,True,,False,True,False,True,False,True,False,True
